id,name,giro,ciudad,estado,ubicacion,address,estatus,note,day,maps_url,lat,lng
1,Abarrotes Reynoso,Tienda de abarrotes,Zapopan,Jalisco,"Zapopan, Jalisco","esq. Fresno Sur, Calle Sta. Monica 1637, Arcos de Zapopan, 45130 Zapopan, Jal.",Cliente,Compro solo salsa Negra para el,Martes 25AGO26,https://maps.google.com/?cid=7592359946662177058,20.745469,-103.4188935
2,Abarrotes SIX,Vinatería,Zapopan,Jalisco,"Zapopan, Jalisco","Calle San Miguel Ote. 61, Vicente Guerrero, 45134 Zapopan, Jal.",Cliente,Compro una de cada sabor,Jueves 27AGO26,https://maps.google.com/?cid=11642488946022920006,20.77219,-103.4369029
3,Carnes Selectas La Ternera Carniceria,Carnicería,Zapopan,Jalisco,"Zapopan, Jalisco","Antiguo Camino A Tesistán #8050 Local 11 Tesistán, 45200 Zapopan, Jal.",Cliente,"Compro de árbol y salsas negras. 
Habanero no le gustó
Tatemada mucho ajo y falta sal",Lunes 24Ago26,https://maps.google.com/?cid=15833837203687499045,20.7840375,-103.476052
4,Carnicería bistec Real,Carnicería,Zapopan,Jalisco,"Zapopan, Jalisco","Calixto Quirarte Villaseñor, Calle Cto Real de Tesistan 498, 45200 Zapopan, Jal.",Cliente,Compraron una de cada una,Lunes 24Ago26,https://maps.google.com/?cid=16274712343334620260,20.7843714,-103.4729669
5,EL FARO SONORENSE - Taco Fish,Restaurantes,Zapopan,Jalisco,"Zapopan, Jalisco","Av. del Servidor Público 1262-Loc 9, 45136 Zapopan, Jal.",Cliente,Compro una salsa habanera tatemada,VIERNES 28Ago26,https://maps.google.com/?cid=15633382811920904789,20.7383961,-103.4303393
6,Tienda SIX,Vinatería,Zapopan,Jalisco,"Zapopan, Jalisco","Camino Antiguo Tesista Soto Park Jalisco 8000 Tesistan, 45200 Zapopan, Jal.",Cliente,Compro 1 salsa de cada una,Lunes 24Ago26,https://maps.google.com/?cid=17566142128056309486,20.7844412,-103.4766649
7,Tienda SIX,Vinatería,Zapopan,Jalisco,"Zapopan, Jalisco","San Miguel Naranjo Las Torres 1803, Supermanzana General, Marcelino García Barragán, 45134 Zapopan, Jal.",Cliente,Compro una de cada una,Miércoles 26AGO26,https://maps.google.com/?cid=5766739298004724790,20.7719693,-103.4449361
8,Abarrotes El Chiquilin,Tienda de abarrotes,Zapopan (Nuevo México),Jalisco,"Zapopan (Nuevo México), Jalisco","C. San Juan Bosco 526, Lomas de San Gonzalo, 45134 Nuevo México, Jal.",Cliente,Compro una de cada una,Jueves 27AGO26,https://maps.google.com/?cid=970602783824638242,20.7714976,-103.4346944
9,CARNICERIA SAN GONZALO,Carnicería,Zapopan (Nuevo México),Jalisco,"Zapopan (Nuevo México), Jalisco","Calle Sta. Adriana 2549, Col. San Gonzalo, 45200 Nuevo México, Jal.",Cliente,Compro 2 salsas de cada sabor,Jueves 27AGO26,https://maps.google.com/?cid=17921037812722370625,20.7724015,-103.4342416
10,abarrotes macal,Tienda de abarrotes,Zapopan (Nuevo México),Jalisco,"Zapopan (Nuevo México), Jalisco","C. Paloma 2005, La Periquera, 45134 Nuevo México, Jal.",Cliente,Compro una salsa de cada una,Jueves 27AGO26,https://maps.google.com/?cid=16215360291915938060,20.769261,-103.4427244
11,Abarrotes los compadres,Tienda de abarrotes,Zapopan (Tesistán),Jalisco,"Zapopan (Tesistán), Jalisco","Carretera vieja Tesistán 8006, Valle de la Providencia, 45200 La Cuchilla, Jal.",Cliente,Compro una de cada una menos semillas,Lunes 24Ago26,https://maps.google.com/?cid=10100795504100800537,20.7790756,-103.4690243
12,Mariscos Carlitos,Restaurantes,Zapopan (Tesistán),Jalisco,"Zapopan (Tesistán), Jalisco","San Francisco 194, 45200 Tesistán, Jal.",Cliente,Me comenta que están llenos de Salsas me compro una macha para su uso personal,Jueves 20AGO26,https://maps.google.com/?cid=13072515807496314685,20.79924,-103.4739601
13,Mariscos Don V,Restaurantes,Guadalajara,Jalisco,"Guadalajara, Jalisco","Av Providencia 2880, Providencia 4a. Secc, 44639 Guadalajara, Jal.",Cliente,Deje muestras y mis datos por si les interesara,Martes 25AGO26,https://maps.google.com/?cid=1132129386227354203,20.6998283,-103.3850153
14,Aquí te la Curo,Tienda de abarrotes,Zapopan,Jalisco,"Zapopan, Jalisco","Av. Base Aerea 1004-A, 45138 Zapopan, Jal.",Cliente,Deje muestras y telefono,Miércoles 26AGO26,https://maps.google.com/?cid=12717239378169726540,20.7531561,-103.4424698
15,"CARNICERÍA ""Jaramillo""",Carnicería,Zapopan,Jalisco,"Zapopan, Jalisco","Av. Valle de México 2851, Viveros del Valle, Jardines del Valle, 45138 Zapopan, Jal.",Cliente,Mostraron mucho interés llegar en la próxima vuelta,VIERNES 28Ago26,https://maps.google.com/?cid=9182997199103942303,20.7491995,-103.4348342
16,Cervecería Santa Lupita,Restaurantes,Zapopan,Jalisco,"Zapopan, Jalisco","Av. del Valle 1805, Jardines del Valle, 45138 Zapopan, Jal.",Cliente,Deje muestra y mis datos,VIERNES 28Ago26,https://maps.google.com/?cid=7323498841210935270,20.7447804,-103.4274012
17,Carniceria Rubio R.,Carnicería,Zapopan,Jalisco,"Zapopan, Jalisco","Al Arroyo 241, Prados Vallarta, 45020 Zapopan, Jal.",Pide Consignación,Solo Consignacion,Martes 180826,https://maps.google.com/?cid=16549548004134892389,20.6757636,-103.4178453
18,Minisuper Paulina,Tienda de abarrotes,Zapopan,Jalisco,"Zapopan, Jalisco","San Antonio de Padua 740 A, Camino Real, 45030 Zapopan, Jal.",Pide Consignación,"2 sucursales, solo consignación.",Martes 180826,https://maps.google.com/?cid=5516142534477002971,20.6642204,-103.4149359
19,Super Ohtli,Tienda de abarrotes,Zapopan,Jalisco,"Zapopan, Jalisco","Sta. Teresa de Jesús 594, Camino Real, 45040 Zapopan, Jal.",Pide Consignación,"No tienes espacio, consignación.",Martes 180826,https://maps.google.com/?cid=977699414037271836,20.6671102,-103.4134113
20,Abarrotes Monarca,Tienda de abarrotes,Zapopan (Tesistán),Jalisco,"Zapopan (Tesistán), Jalisco","Av San Mateo 1725, Parques Tesistan, 45200 Tesistán, Jal.",Pide Consignación,Solo venta consignacion,Miércoles 19AGO26,https://maps.google.com/?cid=14165810676472233709,20.8001529,-103.4700985
21,Abarrotes Charito,Tienda de abarrotes,Zapopan,Jalisco,"Zapopan, Jalisco","C. A Las Montañas 100, Prados Vallarta, 45020 Zapopan, Jal.",Pendiente de Re-visita,Pasar antes de la 1,Martes 180826,https://maps.google.com/?cid=16028873937928875257,20.678017,-103.4193703
22,Abarrotes Estrada,Tienda de abarrotes,Zapopan,Jalisco,"Zapopan, Jalisco","Bajío 116 Bajío 116 Tesistan, 45200 Zapopan, Jal.",Pendiente de Re-visita,Que pase otro día antes de las 2,Miércoles 19AGO26,https://maps.google.com/?cid=15444348080212637752,20.7968047,-103.4763886
23,Abarrotes Gina,Tienda de abarrotes,Zapopan,Jalisco,"Zapopan, Jalisco","Marcelino García Barragán, 45134 Zapopan, Jal.",Pendiente de Re-visita,No está encargado de compras,Miércoles 26AGO26,https://maps.google.com/?cid=11434115589127196186,20.777347,-103.4503137
24,Abarrotes Merry,Tienda de abarrotes,Zapopan,Jalisco,"Zapopan, Jalisco","A Las Cimas 302, Prados Vallarta, 45020 Zapopan, Jal.",Pendiente de Re-visita,Visitar por la tarde después de las 5,Martes 180826,https://maps.google.com/?cid=3412616844989742499,20.6755738,-103.4185458
25,Abarrotes las 4 Palmas,Tienda de abarrotes,Zapopan,Jalisco,"Zapopan, Jalisco","C. Fuente Brillante 1436-84-A, 45200 Zapopan, Jal.",Pendiente de Re-visita,No está el dueño deje información y telefono,Lunes 24Ago26,https://maps.google.com/?cid=1519513863372275111,20.7776556,-103.4722662
26,Carnicería La Estancia,Carnicería,Zapopan,Jalisco,"Zapopan, Jalisco","C. Velázquez 443, La Estancia, 45030 Zapopan, Jal.",Pendiente de Re-visita,Pasar antes de la 1,Martes 180826,https://maps.google.com/?cid=14398954103441904028,20.667797,-103.4273034
27,Carnicería La Suprema,Carnicería,Zapopan,Jalisco,"Zapopan, Jalisco","Calz Federalistas 1501A, Girasoles Acueducto, 45138 Zapopan, Jal.",Pendiente de Re-visita,No estaba el encargado de compras,VIERNES 28Ago26,https://maps.google.com/?cid=10393950893171926192,20.7444514,-103.4245663
28,Jamón y Quesos.,Tienda de abarrotes,Zapopan,Jalisco,"Zapopan, Jalisco","Camino Antiguo A Copala 1638 A, Villas de La Loma, 45203 Zapopan, Jal.",Pendiente de Re-visita,Que pase otro dia,Miércoles 26AGO26,https://maps.google.com/?cid=13455041697736361999,20.7785357,-103.4461069
29,"Mariscos ""La Carreta""",Restaurantes,Zapopan,Jalisco,"Zapopan, Jalisco","Calz Federalistas 1838, Girasoles Acueducto, 45138 Zapopan, Jal.",Pendiente de Re-visita,No está el encargado de compras,VIERNES 28Ago26,https://maps.google.com/?cid=1991252098741278958,20.7448596,-103.4251508
30,Super Soni's,Tienda de abarrotes,Zapopan,Jalisco,"Zapopan, Jalisco","Av Valle de Atemajac 2298, Jardines del Valle, 45138 Zapopan, Jal.",Pendiente de Re-visita,Dar otra vuelta,VIERNES 28Ago26,https://maps.google.com/?cid=15919356543146143552,20.7418633,-103.4313532
31,Súper La Pasadita,Tienda de abarrotes,Zapopan,Jalisco,"Zapopan, Jalisco","Av. De la Arboleda 45 Colonia, Parques de Tesistán, 45200 Zapopan, Jal.",Pendiente de Re-visita,Deje mis datos porque no estaba el encargado de compras,Miércoles 19AGO26,https://maps.google.com/?cid=5627141000803324144,20.7870952,-103.4672903
32,Tienda SIX,Vinatería,Zapopan,Jalisco,"Zapopan, Jalisco","Hidalgo, C. Amapola 626, La Magdalena, 44000 Jal.",Pendiente de Re-visita,No está el dueño,Jueves 20AGO26,https://maps.google.com/?cid=12946656000808156266,20.8017733,-103.4636663
33,Abarrotes Reyes,Tienda de abarrotes,Zapopan (Nuevo México),Jalisco,"Zapopan (Nuevo México), Jalisco","Col. San Gonzalo, 45134 Nuevo México, Jal.",Pendiente de Re-visita,No está encargado de compras,Jueves 27AGO26,https://maps.google.com/?cid=10721464068121310427,20.7724502,-103.4325473
34,Minisuper Jaqueline,Tienda de abarrotes,Zapopan (Nuevo México),Jalisco,"Zapopan (Nuevo México), Jalisco","Venustiano Carranza 29A, Marcelino García Barragán, 45053 Nuevo México, Jal.",Pendiente de Re-visita,No está encargada de compras,Jueves 27AGO26,https://maps.google.com/?cid=6269867196592798924,20.7678071,-103.4405885
35,Tienda el Topo,Tienda de abarrotes,Zapopan (Nuevo México),Jalisco,"Zapopan (Nuevo México), Jalisco","C. Atotonilco 428, Nuevo México, 45600 Nuevo México, Jal.",Pendiente de Re-visita,Solo por la mañana,VIERNES 28Ago26,https://maps.google.com/?cid=11233099056020573091,20.7593837,-103.4372474
36,Abarrotes el ranchito,Tienda de abarrotes,Zapopan (Tesistán),Jalisco,"Zapopan (Tesistán), Jalisco","Av. Juan Manuel Ruvalcaba 153159 153159 3993 10436313, Santa Lucía, 45200 Tesistán, Jal.",Pendiente de Re-visita,No está el encargado de compras deje información,VIERNES 21AGO26,https://maps.google.com/?cid=14226442039982476147,20.7953717,-103.5003697
37,Cremeria tapatía,Tienda de abarrotes,Zapopan (Tesistán),Jalisco,"Zapopan (Tesistán), Jalisco","C. Hidalgo 4, La Magdalena, 45200 Tesistán, Jal.",Pendiente de Re-visita,No está encargada de compras,Jueves 20AGO26,https://maps.google.com/?cid=11051841154680572998,20.8017596,-103.4624142
38,"FRUTAS Y VERDURAS ""EL TOMATON""",Tienda de abarrotes,Zapopan (Tesistán),Jalisco,"Zapopan (Tesistán), Jalisco","C. Lucio Blanco 306-Local #5, Roberto Orozco, 45100 Tesistán, Jal.",Pendiente de Re-visita,Que pase 3 veces a  ver si se verdad va haber ruta,Jueves 20AGO26,https://maps.google.com/?cid=11128790455347007441,20.8014847,-103.4816665
39,Minisuper Ojo de Agua,Tienda de abarrotes,Zapopan (Tesistán),Jalisco,"Zapopan (Tesistán), Jalisco","Calle Valle de Tesistan 95, 45200 Tesistán, Jal.",Pendiente de Re-visita,Solo por la mañana se encuentre la encargada de compras,Miércoles 19AGO26,https://maps.google.com/?cid=13967174800094364585,20.7956261,-103.4790763
40,Tienda Beto's,Tienda de abarrotes,Zapopan (Tesistán),Jalisco,"Zapopan (Tesistán), Jalisco","5 de Mayo 8, 45200 Tesistán, Jal.",Pendiente de Re-visita,Que vaya despues,Miércoles 19AGO26,https://maps.google.com/?cid=5506875689301915493,20.7982391,-103.4770262
41,Abarrotes Los Primos,Tienda de abarrotes,Guadalajara,Jalisco,"Guadalajara, Jalisco","C. Hidalgo 157A, La Magdalena, 45200 Guadalajara, Jal.",Con Nota de Seguimiento,No manejan estos productos se enfocan más en bebida y botanas porque es una tienda de paso,Jueves 20AGO26,https://maps.google.com/?cid=7105281736161996708,20.8020245,-103.4579484
42,Mariscos la carreta sinaloense !!,Restaurantes,Guadalajara,Jalisco,"Guadalajara, Jalisco","Calle hidalgo la magdalena 696, 45200 Guadalajara, Jal.",Con Nota de Seguimiento,"Jesus, le regale salsas visitar la próxima semana miércoles o jueves",Jueves 20AGO26,https://maps.google.com/?cid=8984033066936220853,20.8015468,-103.4643124
43,ABARROTES LUCY 1,Tienda de abarrotes,Zapopan,Jalisco,"Zapopan, Jalisco","Fuente Grafito 8716, 45200 La Cuchilla, Jal.",Con Nota de Seguimiento,No sé encuentra el encargado de compras,Lunes 24Ago26,https://maps.google.com/?cid=17390223023154324295,20.7790519,-103.4731212
44,ABARROTES TODO EN UNO,Tienda de abarrotes,Zapopan,Jalisco,"Zapopan, Jalisco","C. Fuente Brillante 1436-163B, 45200 Zapopan, Jal.",Con Nota de Seguimiento,Deje información y telefono,Lunes 24Ago26,https://maps.google.com/?cid=11632993970148502536,20.7758705,-103.4716132
45,Abarrotes Altaluz,Tienda de abarrotes,Zapopan,Jalisco,"Zapopan, Jalisco","C. 1A, 45200 Las Bóvedas, Jal.",Con Nota de Seguimiento,No sé encuentra el dueño que se encarga de la compras,Jueves 20AGO26,https://maps.google.com/?cid=2493562667031798464,20.7889608,-103.4614669
46,Abarrotes Don Berna,Tienda de abarrotes,Zapopan,Jalisco,"Zapopan, Jalisco","Calle Prol. Juárez 33A, Tesistan, 45100 Zapopan, Jal.",Con Nota de Seguimiento,Deje datos,Jueves 20AGO26,https://maps.google.com/?cid=12106246672491809914,20.799796,-103.4741413
47,Abarrotes Gonzalez,Tienda de abarrotes,Zapopan,Jalisco,"Zapopan, Jalisco","C. Fuente Aguamarina 8565, 45200 La Cuchilla, Jal.",Con Nota de Seguimiento,Deje información y telefono,Lunes 24Ago26,https://maps.google.com/?cid=5309855173614764184,20.7778128,-103.4716873
48,Abarrotes Yesi,Tienda de abarrotes,Zapopan,Jalisco,"Zapopan, Jalisco","C. Fuente Brillante 1436, Villa fontana diamante, 45200 La Cuchilla, Jal.",Con Nota de Seguimiento,Están comprando solo productos conocidos,Lunes 24Ago26,https://maps.google.com/?cid=10018147109820572339,20.7761868,-103.4709303
49,Abarrotes la güerita,Tienda de abarrotes,Zapopan,Jalisco,"Zapopan, Jalisco","Santa Lucía, 45200 Zapopan, Jal.",Con Nota de Seguimiento,Por la mañana,VIERNES 21AGO26,https://maps.google.com/?cid=17956997828535194514,20.7929765,-103.4917215
50,CREMERIA CORONA,Tienda de abarrotes,Zapopan,Jalisco,"Zapopan, Jalisco","45200, VILLA FONTANA, 45200 Jal.",Con Nota de Seguimiento,"No sé encuentra el encargado, deje nota y número de telefono",Lunes 24Ago26,https://maps.google.com/?cid=15697716903053479385,20.7805767,-103.4726859
51,Carniceria CASA DE CARNES,Carnicería,Zapopan,Jalisco,"Zapopan, Jalisco","Carr. a Colotlán 887-int 7, Altaluz, 45200 Zapopan, Jal.",Con Nota de Seguimiento,Me pasaron un número de teléfono para enviar la informacion,Jueves 20AGO26,https://maps.google.com/?cid=13979556158371034296,20.7887779,-103.4616983
52,Carnicería Fuentes,Carnicería,Zapopan,Jalisco,"Zapopan, Jalisco","C. Fuente Brillante 1436, Villa Fontana Diamante, 45200 Zapopan, Jal.",Con Nota de Seguimiento,No maneja de esta salsas,Lunes 24Ago26,https://maps.google.com/?cid=2392402200504936788,20.7776437,-103.4717935
53,Carnicería Las Palmas,Carnicería,Zapopan,Jalisco,"Zapopan, Jalisco","Calle Sta. Monica 457, Parques Zapopan, 45140 Zapopan, Jal.",Con Nota de Seguimiento,Dejaron 2 de cada una,Martes 25AGO26,https://maps.google.com/?cid=287167523473092459,20.74684,-103.4186436
54,Carnicería de Bari - Parques de Tesistán,Carnicería,Zapopan,Jalisco,"Zapopan, Jalisco","Avenida San Mateo 1780 - a La Magdalena, 45200 Zapopan, Jal.",Con Nota de Seguimiento,No sé encuentra la encargada de comprar Karina,Miércoles 19AGO26,https://maps.google.com/?cid=5650047851901276272,20.8008849,-103.4705488
55,Carnicería los Guerreros,Carnicería,Zapopan,Jalisco,"Zapopan, Jalisco","Elote 2500, Marcelino García Barragán, 45134 Zapopan, Jal.",Con Nota de Seguimiento,Que llegue en otra vuelta,Miércoles 26AGO26,https://maps.google.com/?cid=7650677600867629409,20.7773416,-103.4499942
56,Ceviecherria,Tienda de abarrotes,Zapopan,Jalisco,"Zapopan, Jalisco","ESQUINA, ANTIGUO CAMINO A TESISTAN, Av. Calixto Quirarte Villaseñor S/N, 45200 Zapopan, Jal.",Con Nota de Seguimiento,Que ya cuentan con proveedor de salsas,Lunes 24Ago26,https://maps.google.com/?cid=6853275112121811635,20.7802509,-103.4727701
57,Cremeria Vía láctea,Tienda de abarrotes,Zapopan,Jalisco,"Zapopan, Jalisco","C. San Juan Bosco 654-int 2, Col lomas de sna gonzalo, 45134 Zapopan, Jal.",Con Nota de Seguimiento,Pasar en otra ocasion,Jueves 27AGO26,https://maps.google.com/?cid=10550830320379652116,20.7717406,-103.4359563
58,Cremería Lupita,Tienda de abarrotes,Zapopan,Jalisco,"Zapopan, Jalisco","C. Fuente Aguamarina 8616-int 29 b, Villa Fontana diamante, 45200 Zapopan, Jal.",Con Nota de Seguimiento,Deje informacion,Lunes 24Ago26,https://maps.google.com/?cid=13479055018995513073,20.7780635,-103.4721948
59,Cremería Tapatía,Tienda de abarrotes,Zapopan,Jalisco,"Zapopan, Jalisco","Av San Mateo 656-Loc 1, Parques de Tesistán, 45200 Zapopan, Jal.",Con Nota de Seguimiento,Ya me han bastantes proveedores de salsas,Miércoles 19AGO26,https://maps.google.com/?cid=17020445450518631845,20.7891569,-103.4686599
60,Locos por los mariscos GDL,Restaurantes,Zapopan,Jalisco,"Zapopan, Jalisco","Av Guadalupe 4700, Camino Real, 45030 Zapopan, Jal.",Con Nota de Seguimiento,Comenta el dueño que no mueve mucho las salsas ya que con las salsas de la casa les es suficiente,Martes 180826,https://maps.google.com/?cid=13410161429488608629,20.6640418,-103.4160407
61,Mariscos Kiláuea,Restaurantes,Zapopan,Jalisco,"Zapopan, Jalisco","Av. Aviación 6170-L-2, Armonía habitat, 45138 Zapopan, Jal.",Con Nota de Seguimiento,El viernes llevar 3 negras 3 habaneras y 1 de arbol,Miércoles 26AGO26,https://maps.google.com/?cid=815425066657316068,20.7458495,-103.4449457
62,Minisuper El Compita,Tienda de abarrotes,Zapopan,Jalisco,"Zapopan, Jalisco","C. Fuente Brillante 1436-79 b, Villa Fontana Diamante, 45200 Zapopan, Jal.",Con Nota de Seguimiento,No sé encuentra el dueño,Lunes 24Ago26,https://maps.google.com/?cid=12380118363827035545,20.7776237,-103.4713683
63,Mono de Mar,Restaurantes,Zapopan,Jalisco,"Zapopan, Jalisco","Av Manuel J. Clouthier 134, Prados Vallarta, 45020 Zapopan, Jal.",Con Nota de Seguimiento,Manejan la salsa perrona y no la quieren cambiar,Martes 180826,https://maps.google.com/?cid=17867103673534417198,20.6750599,-103.4162844
64,Super Carniceria CR,Carnicería,Zapopan,Jalisco,"Zapopan, Jalisco","Antiguo Camino a Copalita 1429-Loc 11, Villas de La Loma, 45134 Zapopan, Jal.",Con Nota de Seguimiento,Ya maneja muchas salsas,Miércoles 26AGO26,https://maps.google.com/?cid=7941539480936562671,20.777715,-103.4458018
65,ABASTOS AGUA ZARCA,Tienda de abarrotes,Zapopan (Tesistán),Jalisco,"Zapopan (Tesistán), Jalisco","C. Laguna Agua Zarca 43B, 45200 Tesistán, Jal.",Con Nota de Seguimiento,Deje información y telefono no sé encuentra el dueño,Lunes 24Ago26,https://maps.google.com/?cid=16392829804562013907,20.7773619,-103.4704828
66,Abarrotes DANILO,Tienda de abarrotes,Zapopan (Tesistán),Jalisco,"Zapopan (Tesistán), Jalisco","C. Agujas 5, Las Agujas, 45200 Tesistán, Jal.",Con Nota de Seguimiento,No sé encuentra el encargado de compras,Miércoles 19AGO26,https://maps.google.com/?cid=17653281813919814296,20.795569,-103.4851306
67,Abarrotes Frutas Y Verduras,Tienda de abarrotes,Zapopan (Tesistán),Jalisco,"Zapopan (Tesistán), Jalisco","Av San Mateo 806, Parques de Tesistán, 45200 Tesistán, Jal.",Con Nota de Seguimiento,Pasar el septiembre,Miércoles 19AGO26,https://maps.google.com/?cid=18189663634567609539,20.7907747,-103.4686432
68,Abarrotes Lizama,Tienda de abarrotes,Zapopan (Tesistán),Jalisco,"Zapopan (Tesistán), Jalisco","Josefa Ortiz de Domínguez, Santa Lucía, 45200 Tesistán, Jal.",Con Nota de Seguimiento,En la otra vuelta ya que está baja la venta,VIERNES 21AGO26,https://maps.google.com/?cid=7857901597328008920,20.8002055,-103.4971039
69,Abarrotes Orión,Tienda de abarrotes,Zapopan (Tesistán),Jalisco,"Zapopan (Tesistán), Jalisco","Calle Cto Real de Tesistan 127, Real casa blanca, 45200 Tesistán, Jal.",Con Nota de Seguimiento,Visitar otro dia,Lunes 24Ago26,https://maps.google.com/?cid=3612098778029061996,20.7843083,-103.4731995
70,Abarrotes Super El Real,Tienda de abarrotes,Zapopan (Tesistán),Jalisco,"Zapopan (Tesistán), Jalisco","Av Jalisco 1331, 45100 Tesistán, Jal.",Con Nota de Seguimiento,"No sé encontraba el encargado. 
Está es la otra sucursal que me comentaron",Lunes 24Ago26,https://maps.google.com/?cid=14663870200405696689,20.7852306,-103.4769897
71,Abarrotes Wuilly,Tienda de abarrotes,Zapopan (Tesistán),Jalisco,"Zapopan (Tesistán), Jalisco","Hilo Negro 44, Las Agujas, 45200 Tesistán, Jal.",Con Nota de Seguimiento,No sé encuentra el dueño que compra,Miércoles 19AGO26,https://maps.google.com/?cid=17828375924565797588,20.796053,-103.4837476
72,Abarrotes la Providencia,Tienda de abarrotes,Zapopan (Tesistán),Jalisco,"Zapopan (Tesistán), Jalisco","Av. Juan Manuel Ruvalcaba 14, Santa Lucía, 45200 Tesistán, Jal.",Con Nota de Seguimiento,La dueña solo na miércoles y jueves de 7:00am a 4 :00pm,VIERNES 21AGO26,https://maps.google.com/?cid=9767027169935572574,20.7973169,-103.4989261
73,CREMERÍA,Tienda de abarrotes,Zapopan (Tesistán),Jalisco,"Zapopan (Tesistán), Jalisco","C. Lucio Blanco 65, Roberto Orozco, 45200 Tesistán, Jal.",Con Nota de Seguimiento,La encargada de compras solo se encuentra miércoles y viernes antes de la 1:00,Jueves 20AGO26,https://maps.google.com/?cid=15990883832352537690,20.8019597,-103.4820605
74,Carnes Finas Gonzalez,Carnicería,Zapopan (Tesistán),Jalisco,"Zapopan (Tesistán), Jalisco","Av San Mateo 809, 45200 Tesistán, Jal.",Con Nota de Seguimiento,Ya tiene muchos proveedores.,Miércoles 19AGO26,https://maps.google.com/?cid=6027454581681063984,20.7908983,-103.4683021
75,Carniceria Y Obrador Los Cuartitos,Carnicería,Zapopan (Tesistán),Jalisco,"Zapopan (Tesistán), Jalisco","C. Puente Chico 249, 45200 Tesistán, Jal.",Con Nota de Seguimiento,No sé encuentra el dueño encargado de las compras,Jueves 20AGO26,https://maps.google.com/?cid=4669345573086134583,20.8010849,-103.4719707
76,Carnicería La Vaquita,Carnicería,Zapopan (Tesistán),Jalisco,"Zapopan (Tesistán), Jalisco","Av San Mateo 997-6, Parques Tesistan, 45200 Tesistán, Jal.",Con Nota de Seguimiento,Deje mis datos le van a comentar al dueño,Miércoles 19AGO26,https://maps.google.com/?cid=6981019519003790167,20.7929304,-103.4682374
77,Carnicería Macias,Carnicería,Zapopan (Tesistán),Jalisco,"Zapopan (Tesistán), Jalisco","Real Acueducto, Las Agujas, 45200 Tesistán, Jal.",Con Nota de Seguimiento,En otra vuelta,VIERNES 21AGO26,https://maps.google.com/?cid=2741518213513644717,20.7902995,-103.4833933
78,Cremería Tapatía,Tienda de abarrotes,Zapopan (Tesistán),Jalisco,"Zapopan (Tesistán), Jalisco","Av San Mateo 3133, Tesistan, 45200 Tesistán, Jal.",Con Nota de Seguimiento,Tiene demasiados proveedores,Miércoles 19AGO26,https://maps.google.com/?cid=227684551765550609,20.8005251,-103.4705593
79,El Cabrito,Tienda de abarrotes,Zapopan (Tesistán),Jalisco,"Zapopan (Tesistán), Jalisco","Hidalgo 220a, 45200 Tesistán, Jal.",Con Nota de Seguimiento,Preguntar por Enrique el encargado de compras,Jueves 20AGO26,https://maps.google.com/?cid=14316994548554230597,20.7995203,-103.4813202
80,"Frutas y verduras ""EL POLLO""",Tienda de abarrotes,Zapopan (Tesistán),Jalisco,"Zapopan (Tesistán), Jalisco","Av San Mateo 1250, 45200 Tesistán, Jal.",Con Nota de Seguimiento,Tienen muchos proveedores de salsas,Miércoles 19AGO26,https://maps.google.com/?cid=8665312894406075417,20.7957966,-103.4687847
81,Mini SuperMen,Tienda de abarrotes,Zapopan (Tesistán),Jalisco,"Zapopan (Tesistán), Jalisco","Av San Mateo 886, Parques de Tesistán, Colonia, 45200 Tesistán, Jal.",Con Nota de Seguimiento,No sé encuentra el encargado de compras,Miércoles 19AGO26,https://maps.google.com/?cid=13419057755812522717,20.7917676,-103.4686452
82,Mini súper en trébol rojo,Tienda de abarrotes,Zapopan (Tesistán),Jalisco,"Zapopan (Tesistán), Jalisco","San Mateo 1460 1570-1, Parques Tesistan, 45200 Tesistán, Jal.",Con Nota de Seguimiento,Visitar en septiembre,Miércoles 19AGO26,https://maps.google.com/?cid=1000243802839143233,20.7985212,-103.4701103
83,Minisúper La Piedra China,Tienda de abarrotes,Zapopan (Tesistán),Jalisco,"Zapopan (Tesistán), Jalisco","C. Jalisco 96, 45200 Tesistán, Jal.",Con Nota de Seguimiento,Lunes o miércoles por la mañana se en uentra el dueño,VIERNES 21AGO26,https://maps.google.com/?cid=12602482597916015685,20.797383,-103.477216
84,Super MG,Tienda de abarrotes,Zapopan (Tesistán),Jalisco,"Zapopan (Tesistán), Jalisco","C. Fray Antonio de Paterna 893A, 45200 Tesistán, Jal.",Con Nota de Seguimiento,Visitar otro día no se eencontraba el encargado de comprass,Miércoles 19AGO26,https://maps.google.com/?cid=13394217120746577011,20.7918929,-103.4664415
85,Super la Esperanza,Tienda de abarrotes,Zapopan (Tesistán),Jalisco,"Zapopan (Tesistán), Jalisco","Camino Viejo a Tesistan 8285, Bosques de la Providencia, 45200 Tesistán, Jal.",Con Nota de Seguimiento,Ya maneja muchas salsas,Lunes 24Ago26,https://maps.google.com/?cid=7010528755979196310,20.7792403,-103.4693071
86,DELICIAS BEEF Genuss Beef,Tienda gourmet,Guadalajara,Jalisco,"Guadalajara, Jalisco","C. Nueva Escocia 1494, Providencia 4a. Secc, 44639 Guadalajara, Jal.",Visitado (Sin nota),,Martes 25AGO26,https://maps.google.com/?cid=16249094737901040974,20.6965599,-103.3902574
87,DULCERÍA SAN JOSÉ,Botanas,Guadalajara,Jalisco,"Guadalajara, Jalisco","Av. San José 2935, San Jorge, 64330 Monterrey, N.L.",Visitado (Sin nota),,VIERNES 21AGO26,https://maps.google.com/?cid=13522214504455468151,25.7187056,-100.3650318
88,EL MERKADER,Tienda de abarrotes,Guadalajara,Jalisco,"Guadalajara, Jalisco","C. Nueva Escocia 1476, Providencia 4a. Secc, 44639 Guadalajara, Jal.",Visitado (Sin nota),,Martes 25AGO26,https://maps.google.com/?cid=2446418532863277201,20.6962469,-103.3899603
89,Punto en Guadalajara,Punto de prospección,Guadalajara,Jalisco,"Guadalajara, Jalisco",,Visitado (Sin nota),,Martes 180826,"https://www.google.com/maps/search/?api=1&query=20.674243399999998,-103.4183987",20.6742434,-103.4183987
90,TIENDA LOS DOS CARNALES 🫂,Tienda de abarrotes,Guadalajara,Jalisco,"Guadalajara, Jalisco","C. Fuente Brilhante 1257 Letra B, La cuchilla, Villa, Fontana Diamante, 45200 Guadalajara, Jal., México",Visitado (Sin nota),,Lunes 24Ago26,https://maps.google.com/?cid=15103017682647725355,20.7792045,-103.4725252
91,Ubicación en 20.680521,Punto de prospección,Guadalajara,Jalisco,"Guadalajara, Jalisco","20.680521,-103.319002",Visitado (Sin nota),,Jueves 27AGO26,"https://www.google.com/maps/search/?api=1&query=20.6805214,-103.31900209999999",20.6805214,-103.3190021
92,4 Caminos Abarrotes,Tienda de abarrotes,Zapopan,Jalisco,"Zapopan, Jalisco","Hidalgo 203, 45200 Zapopan, Jal.",Visitado (Sin nota),,Jueves 20AGO26,https://maps.google.com/?cid=1508463504007242250,20.7993175,-103.4809709
93,ABARROTES LA GUERA,Tienda de abarrotes,Zapopan,Jalisco,"Zapopan, Jalisco","C. Fuente Brillante 1347, 45200 La Cuchilla, Jal.",Visitado (Sin nota),,Lunes 24Ago26,https://maps.google.com/?cid=10243908076066022803,20.7783415,-103.4725428
94,ABARROTES Y CERVEZA BETO,Vinatería,Zapopan,Jalisco,"Zapopan, Jalisco","24 de Febrero 3168, Los Robles, 45134 Zapopan, Jal.",Visitado (Sin nota),,Martes 25AGO26,https://maps.google.com/?cid=11045513781683466715,20.7594519,-103.4307597
95,Abarrotera MONRO ofertas diarias,Tienda de abarrotes,Zapopan,Jalisco,"Zapopan, Jalisco","Av Fuente Brillante, Av. Villa Fontana Diamante 1292-B, 45200 Zapopan, Jal.",Visitado (Sin nota),,Lunes 24Ago26,https://maps.google.com/?cid=16088256399435414103,20.7788427,-103.4722759
96,Abarrotes El Cheleton,Tienda de abarrotes,Zapopan,Jalisco,"Zapopan, Jalisco","Av San Mateo 1243, Parques de Tesistán, 45200 Zapopan, Jal.",Visitado (Sin nota),,Miércoles 19AGO26,https://maps.google.com/?cid=12281967301318081384,20.7958231,-103.4683718
97,Abarrotes Súper Sol,Tienda de abarrotes,Zapopan,Jalisco,"Zapopan, Jalisco","Calz Federalistas 2020-B, Jardines del Valle, 45138 Zapopan, Jal.",Visitado (Sin nota),,VIERNES 28Ago26,https://maps.google.com/?cid=18443414491576544757,20.745645,-103.4293428
98,Abarrotes don julio,Tienda de abarrotes,Zapopan,Jalisco,"Zapopan, Jalisco","Calz Federalistas 2224, Jardines del Valle, 45138 Zapopan, Jal., México",Visitado (Sin nota),,VIERNES 28Ago26,https://maps.google.com/?cid=11954204834308267265,20.7471907,-103.4288995
99,Abarrotes luna,Tienda de abarrotes,Zapopan,Jalisco,"Zapopan, Jalisco","45200, Santa Mónica, de los chorritos, 45200 Zapopan, Jal.",Visitado (Sin nota),,VIERNES 21AGO26,https://maps.google.com/?cid=10997300682069360465,20.7971766,-103.4982619
100,CARNICERIA La Predilecta,Carnicería,Zapopan,Jalisco,"Zapopan, Jalisco","Calz Federalistas 2020, Jardines del Valle, 45150 Zapopan, Jal.",Visitado (Sin nota),,VIERNES 28Ago26,https://maps.google.com/?cid=4167708253413718094,20.7456825,-103.4293202
101,Carnes finas gonzalez,Carnicería,Zapopan,Jalisco,"Zapopan, Jalisco","Av. de las Calandrias 2010, Villas de La Loma, 45134 Zapopan, Jal.",Visitado (Sin nota),,Miércoles 26AGO26,https://maps.google.com/?cid=8621770036209872756,20.7781603,-103.4522122
102,Carniceria CORRAL 7,Carnicería,Zapopan,Jalisco,"Zapopan, Jalisco","Calz Federalistas 1310, Girasoles Acueducto, 45150 Zapopan, Jal.",Visitado (Sin nota),,VIERNES 28Ago26,https://maps.google.com/?cid=15202869000306654026,20.7447781,-103.4226973
103,Carniceria Guadalupana,Carnicería,Zapopan,Jalisco,"Zapopan, Jalisco","6 de Enero 3395, Nuevo Mexico, 45138 Zapopan, Jal.",Visitado (Sin nota),,Martes 25AGO26,https://maps.google.com/?cid=17083506063511441569,20.7585427,-103.4343234
104,Carnicería La Local,Carnicería,Zapopan,Jalisco,"Zapopan, Jalisco","Camino Viejo a Tesistan, Girasoles Acueducto, 45138 Zapopan, Jal.",Visitado (Sin nota),,VIERNES 28Ago26,https://maps.google.com/?cid=10604133166711732788,20.7467882,-103.424167
105,Carnicería San Mateo,Carnicería,Zapopan,Jalisco,"Zapopan, Jalisco","Av San Mateo 1292-C, Parques de Tesistán, 45200 Zapopan, Jal.",Visitado (Sin nota),,Miércoles 19AGO26,https://maps.google.com/?cid=7283219233911733577,20.7963608,-103.4686795
106,Carnicería de Bari - Valle Imperial,Carnicería,Zapopan,Jalisco,"Zapopan, Jalisco","Bv. Valle Imperial 260-Loc 14 y 15, Canteras residencial, 45200 Zapopan, Jal.",Visitado (Sin nota),,Miércoles 26AGO26,https://maps.google.com/?cid=16534034631195453697,20.7732807,-103.4422361
107,Carnicería las aves,Carnicería,Zapopan,Jalisco,"Zapopan, Jalisco","45200 Zapopan, Jal.",Visitado (Sin nota),,VIERNES 21AGO26,https://maps.google.com/?cid=57654027385886510,20.78634,-103.4889716
108,Dulceria el jardin,Botanas,Zapopan,Jalisco,"Zapopan, Jalisco","puebla, Av. Tesistán 39, 45100 Zapopan, Jal.",Visitado (Sin nota),,Miércoles 19AGO26,https://maps.google.com/?cid=7086102116214689887,20.7982536,-103.4776077
109,Dulcería Tesistán,Botanas,Zapopan,Jalisco,"Zapopan, Jalisco","Hidalgo 226, 45200 Zapopan, Jal.",Visitado (Sin nota),,VIERNES 21AGO26,https://maps.google.com/?cid=3819591405807569823,20.7995034,-103.4815058
110,Frutería Dos Hermanos,Tienda de abarrotes,Zapopan,Jalisco,"Zapopan, Jalisco","Calz Federalistas 2192, Jardines del Valle, 45138 Zapopan, Jal., México",Visitado (Sin nota),,VIERNES 28Ago26,https://maps.google.com/?cid=7843932487322941709,20.7469485,-103.4289333
111,La Litrería Mariscos,Restaurantes,Zapopan,Jalisco,"Zapopan, Jalisco","Av. Valle de México 2523, Jardines del Valle, 45138 Zapopan, Jal., México",Visitado (Sin nota),,VIERNES 28Ago26,https://maps.google.com/?cid=8656233718491723472,20.7478256,-103.4316875
112,Mariscos Las Palmas Restaurante,Restaurantes,Zapopan,Jalisco,"Zapopan, Jalisco","45134, C. La Cardona 1764, La Periquera, 45053 Jal.",Visitado (Sin nota),,Miércoles 26AGO26,https://maps.google.com/?cid=1755647458041269120,20.771393,-103.4463337
113,Mariscos ¡Ay! Mazatlán,Restaurantes,Zapopan,Jalisco,"Zapopan, Jalisco","Av. Base Aérea 450-B Nuevo México, 45200 Zapopan, Jal.",Visitado (Sin nota),,VIERNES 28Ago26,https://maps.google.com/?cid=11700101782321191890,20.7598011,-103.4405876
114,Mega Súper,Tienda de abarrotes,Zapopan,Jalisco,"Zapopan, Jalisco","Av Manuel J. Clouthier 156, Prados Vallarta, 45020 Zapopan, Jal.",Visitado (Sin nota),,Martes 180826,https://maps.google.com/?cid=1447047329493269974,20.6743,-103.4166949
115,Mini Super Los Altos,Tienda de abarrotes,Zapopan,Jalisco,"Zapopan, Jalisco","Camino antiguo a Tesistán, Del Sol 54, Nuevo México, 45138 Zapopan, Jal.",Visitado (Sin nota),,Martes 25AGO26,https://maps.google.com/?cid=3049973741523242662,20.7483209,-103.4257954
116,Mini super mi toni,Tienda de abarrotes,Zapopan,Jalisco,"Zapopan, Jalisco","C. Fuente Brillante 1730-60b, 45200 La Cuchilla, Jal.",Visitado (Sin nota),,Lunes 24Ago26,https://maps.google.com/?cid=7939105189804744692,20.7750575,-103.472411
117,Pescaderia Mary Mar Parques de Tesistán - Sucursal 1,Pescadería,Zapopan,Jalisco,"Zapopan, Jalisco","Av San Mateo 1632, Haciendas de Zapopan, 45200 Tesistán, Jal.",Visitado (Sin nota),,Miércoles 19AGO26,https://maps.google.com/?cid=14721605751075148831,20.799206,-103.470454
118,Pescadería Delfín,Pescadería,Zapopan,Jalisco,"Zapopan, Jalisco","Hidalgo 220-A, 45200 Zapopan, Jal.",Visitado (Sin nota),,Jueves 20AGO26,https://maps.google.com/?cid=9784304146062391369,20.799475,-103.4812688
119,Pescadería Mazatlán,Pescadería,Zapopan,Jalisco,"Zapopan, Jalisco","cerca de Emiliano Zapata 124, Nuevo México, 45200 Zapopan, Jal.",Visitado (Sin nota),,VIERNES 28Ago26,https://maps.google.com/?cid=12419035523924573048,20.7597803,-103.4407067
120,Pescadería Rosiles,Pescadería,Zapopan,Jalisco,"Zapopan, Jalisco","Antiguo Camino a Copalita, Marcelino García Barragán, 45134 Nuevo México, marcelino garcia barragan, 45134 Zapopan, Jal.",Visitado (Sin nota),,Miércoles 26AGO26,https://maps.google.com/?cid=6396891159548052246,20.7747701,-103.4452961
121,Pescadería la playa!,Pescadería,Zapopan,Jalisco,"Zapopan, Jalisco","Av San Mateo 870-A, Parques de Tesistán, 45200 Zapopan, Jal., México",Visitado (Sin nota),,Miércoles 19AGO26,https://maps.google.com/?cid=18258131773265907702,20.7915365,-103.4686385
122,Punto en Zapopan,Punto de prospección,Zapopan,Jalisco,"Zapopan, Jalisco",,Visitado (Sin nota),,Miércoles 19AGO26,"https://www.google.com/maps/search/?api=1&query=20.7965451,-103.4835267",20.7965451,-103.4835267
123,SUPER ONE SAN BENITO,Tienda de abarrotes,Zapopan,Jalisco,"Zapopan, Jalisco","Av. Valle de México 2693, Viveros del Valle, Jardines del Valle, 45138 Zapopan, Jal.",Visitado (Sin nota),,VIERNES 28Ago26,https://maps.google.com/?cid=3034337782054850912,20.7486088,-103.433433
124,SUPER ONE SAN BENITO 2,Tienda de abarrotes,Zapopan,Jalisco,"Zapopan, Jalisco","Av. Valle de México 2809, Viveros del Valle, Jardines del Valle, 45138 Zapopan, Jal.",Visitado (Sin nota),,VIERNES 28Ago26,https://maps.google.com/?cid=3125726770108509037,20.7490755,-103.4344576
125,San Francisco II Carniceria,Carnicería,Zapopan,Jalisco,"Zapopan, Jalisco","Hidalgo 248, 45200 Zapopan, Jal.",Visitado (Sin nota),,Jueves 20AGO26,https://maps.google.com/?cid=17358224777142683602,20.7995477,-103.4821247
126,Tienda SIX,Vinatería,Zapopan,Jalisco,"Zapopan, Jalisco","San Mateo Fray Junipero Serra, Fray Francisco de Palou 656, Parques de Tesistán, 45200 Zapopan, Jal.",Visitado (Sin nota),,Miércoles 19AGO26,https://maps.google.com/?cid=15025635815799691554,20.788927,-103.468584
127,frutas y verduras mateo,Tienda de abarrotes,Zapopan,Jalisco,"Zapopan, Jalisco","puente chico, C. Hidalgo 635, La Magdalena, 45200 Jal.",Visitado (Sin nota),,Jueves 20AGO26,https://maps.google.com/?cid=8961077283361934609,20.80141,-103.46451
128,ABARROTES CASTRO,Tienda de abarrotes,Zapopan (Nuevo México),Jalisco,"Zapopan (Nuevo México), Jalisco","Calle Sta. Adriana 2619, Col. San Gonzalo, 45134 Nuevo México, Jal.",Visitado (Sin nota),,Jueves 27AGO26,https://maps.google.com/?cid=15591037548396549187,20.7730927,-103.4342648
129,Abarrotes Reos,Tienda de abarrotes,Zapopan (Nuevo México),Jalisco,"Zapopan (Nuevo México), Jalisco","Av. Sta. Adriana 2943, Col. San Gonzalo, 45134 Nuevo México, Jal.",Visitado (Sin nota),,Jueves 27AGO26,https://maps.google.com/?cid=11954317517676548806,20.7762598,-103.4343973
130,Tienda De Los Gueros,Tienda de abarrotes,Zapopan (Nuevo México),Jalisco,"Zapopan (Nuevo México), Jalisco","Av. de las Calandrias 2025, Villas de La Loma, 45134 Nuevo México, Jal.",Visitado (Sin nota),,Miércoles 26AGO26,https://maps.google.com/?cid=8086748902304755023,20.778728,-103.4519451
131,"Abarrotes ""Danny''",Tienda de abarrotes,Zapopan (Tesistán),Jalisco,"Zapopan (Tesistán), Jalisco","C. Agujas 9, Las Agujas, 45200 Tesistán, Jal.",Visitado (Sin nota),,Miércoles 19AGO26,https://maps.google.com/?cid=1438706720627759169,20.7955059,-103.4851692
132,Abarrotes Cerveza Fría Y Vinos,Vinatería,Zapopan (Tesistán),Jalisco,"Zapopan (Tesistán), Jalisco","C. Hidalgo 75, Hacienda Las Palomas, La Magdalena, 45200 Tesistán, Jal.",Visitado (Sin nota),,Jueves 20AGO26,https://maps.google.com/?cid=11275470512491824768,20.8017867,-103.4612602
133,Abarrotes Norma,Tienda de abarrotes,Zapopan (Tesistán),Jalisco,"Zapopan (Tesistán), Jalisco","Av. Juan Manuel Ruvalcaba 1824, Santa Lucía, 45200 Tesistán, Jal.",Visitado (Sin nota),,VIERNES 21AGO26,https://maps.google.com/?cid=13151185496459112859,20.7963292,-103.5001186
134,Abarrotes Rojas,Tienda de abarrotes,Zapopan (Tesistán),Jalisco,"Zapopan (Tesistán), Jalisco","Av. Juan Manuel Ruvalcaba 5003, Santa Lucía, 45200 Tesistán, Jal.",Visitado (Sin nota),,VIERNES 21AGO26,https://maps.google.com/?cid=7596234015263586986,20.7957517,-103.5005484
135,Abarrotes mary,Tienda de abarrotes,Zapopan (Tesistán),Jalisco,"Zapopan (Tesistán), Jalisco","C. Lucio Blanco 67, Roberto Orozco, 45100 Tesistán, Jal.",Visitado (Sin nota),,Jueves 20AGO26,https://maps.google.com/?cid=5134113650916760210,20.8017649,-103.4818381
136,"Carniceria ""Macías""",Carnicería,Zapopan (Tesistán),Jalisco,"Zapopan (Tesistán), Jalisco","Manantial 229, Santa Lucía, 45100 Tesistán, Jal.",Visitado (Sin nota),,VIERNES 21AGO26,https://maps.google.com/?cid=11881009553552263849,20.7972251,-103.498223
137,Carniceria Angus Tesistan,Carnicería,Zapopan (Tesistán),Jalisco,"Zapopan (Tesistán), Jalisco","C. Lucio Blanco 65-B, Roberto Orozco, 45100 Tesistán, Jal.",Visitado (Sin nota),,Jueves 20AGO26,https://maps.google.com/?cid=14950016003743747192,20.8020473,-103.4820446
138,Carnicería Bistec Real,Carnicería,Zapopan (Tesistán),Jalisco,"Zapopan (Tesistán), Jalisco","Av. Camino Viejo a Tesistan Local 9, Vista Norte, 45200 Residencial45200 Jalisco, Jal.",Visitado (Sin nota),,Lunes 24Ago26,https://maps.google.com/?cid=7880400840260152114,20.7819112,-103.4731308
139,Carnicería El Tuna,Carnicería,Zapopan (Tesistán),Jalisco,"Zapopan (Tesistán), Jalisco","C. Hidalgo 71, Hacienda Las Palomas, La Magdalena, 45200 Tesistán, Jal.",Visitado (Sin nota),,Jueves 20AGO26,https://maps.google.com/?cid=2485409669473407342,20.801856,-103.4614625
140,Carnicería La Guadalupana,Carnicería,Zapopan (Tesistán),Jalisco,"Zapopan (Tesistán), Jalisco","C. Bugambilias 2460, Hacienda Las Palomas, La Magdalena, 45200 Tesistán, Jal.",Visitado (Sin nota),,Jueves 20AGO26,https://maps.google.com/?cid=1373404458169548477,20.8023745,-103.462856
141,Mariscos Rosalyn,Restaurantes,Zapopan (Tesistán),Jalisco,"Zapopan (Tesistán), Jalisco","C. López Mateos, Santa Lucía, 45100 Tesistán, Jal.",Visitado (Sin nota),,VIERNES 21AGO26,https://maps.google.com/?cid=13132128887433992776,20.8023564,-103.4949783
142,Mariscos Ríos,Restaurantes,Zapopan (Tesistán),Jalisco,"Zapopan (Tesistán), Jalisco","Av. Juan Manuel Ruvalcaba 5006, Santa Lucía, 45100 Tesistán, Jal.",Visitado (Sin nota),,VIERNES 21AGO26,https://maps.google.com/?cid=13157911284184004883,20.7957473,-103.5001016
143,Mini Super Las Güeras,Tienda de abarrotes,Zapopan (Tesistán),Jalisco,"Zapopan (Tesistán), Jalisco","Av San Mateo 1110, 45200 Tesistán, Jal.",Visitado (Sin nota),,Miércoles 19AGO26,https://maps.google.com/?cid=5107930084096573220,20.7943372,-103.4686699
144,Minisuper Marc,Tienda de abarrotes,Zapopan (Tesistán),Jalisco,"Zapopan (Tesistán), Jalisco","Av. Calixto Quirarte Villaseñor 186, Casa blanca, 45200 Tesistán, Jal.",Visitado (Sin nota),,Lunes 24Ago26,https://maps.google.com/?cid=8843123509294546929,20.7847742,-103.4727034
145,Semillas y Cereales Los Flores,Tienda de abarrotes,Zapopan (Tesistán),Jalisco,"Zapopan (Tesistán), Jalisco","C. Lucio Blanco 306-Local #1, 45200 Tesistán, Jal.",Visitado (Sin nota),,Jueves 20AGO26,https://maps.google.com/?cid=15387958888400776330,20.8015902,-103.4818194
146,Super El Real,Tienda de abarrotes,Zapopan (Tesistán),Jalisco,"Zapopan (Tesistán), Jalisco","Don Pedro Vázquez Cisneros, 45200 Tesistán, Jal.",Visitado (Sin nota),,VIERNES 21AGO26,https://maps.google.com/?cid=11381905402174453709,20.7899369,-103.4890189
147,Tienda de abarrotes Ramos,Tienda de abarrotes,Zapopan (Tesistán),Jalisco,"Zapopan (Tesistán), Jalisco","Av. Juan Manuel Ruvalcaba 5010, Santa Lucía, 45200 Tesistán, Jal.",Visitado (Sin nota),,VIERNES 21AGO26,https://maps.google.com/?cid=15415993492415679056,20.7959004,-103.5000055
148,Abarrotes don p p,Tienda de abarrotes,Guadalajara,Jalisco,"Guadalajara, Jalisco","Elote 2278, Marcelino García Barragán, 45134 Guadalajara, Jal.",No Interesado,No le interesa,Miércoles 26AGO26,https://maps.google.com/?cid=17903436537435834712,20.7773785,-103.4480079
149,Abarrotes Don Pepe,Tienda de abarrotes,Zapopan,Jalisco,"Zapopan, Jalisco","C. Velázquez 456, La Estancia, 45030 Zapopan, Jal.",No Interesado,No le interesa el producto,Martes 180826,https://maps.google.com/?cid=13651796803138037062,20.6678484,-103.4275315
150,Abarrotes Juan,Tienda de abarrotes,Zapopan,Jalisco,"Zapopan, Jalisco","Marcelino García Barragán, 45134 Zapopan, Jal.",No Interesado,No le interesa,Miércoles 26AGO26,https://maps.google.com/?cid=15684945549288259736,20.7688844,-103.445227
151,Camino Real Abarrotes,Tienda de abarrotes,Zapopan,Jalisco,"Zapopan, Jalisco","Calle Sta Rosa de Lima 4441, Camino Real, 45040 Zapopan, Jal.",No Interesado,No mostró interés el cliente.,Martes 180826,https://maps.google.com/?cid=7001938024767310895,20.6704551,-103.4135831
152,Minisuper Yaab,Tienda de abarrotes,Zapopan,Jalisco,"Zapopan, Jalisco","San Vicente de Paul 328-A, Camino Real, 45040 Zapopan, Jal.",No Interesado,Tenía muchos proveedores no le intereso,Martes 180826,https://maps.google.com/?cid=15446728644303804632,20.6711577,-103.4116564
153,Abarrotes Chely,Tienda de abarrotes,Zapopan (Tesistán),Jalisco,"Zapopan (Tesistán), Jalisco","5 de Mayo 94-B, 45200 San Francisco Tesistán, Jal.",No Interesado,Casi no venden salsa,Miércoles 19AGO26,https://maps.google.com/?cid=11372109533478993137,20.7981722,-103.4755373